onset	duration	nwb_table	cv_transition_time	speak	condition	label
4.6357812	0.3575058999999996	trials	4.6992975	True	raa	
5.314498	0.4845384999999993	trials	5.5086764	True	shee	
7.591103	0.3212109999999999	trials	7.6428234	True	yoo	
8.2543945	0.3230257000000005	trials	8.2643756	True	baa	
9.2044166	0.4328181000000004	trials	9.3269123	True	zee	
10.2633238	0.35296899999999987	trials	10.2851008	True	gee	
11.8485087	0.45005820000000085	trials	11.9455978	True	kee	
12.8738429	0.35296910000000103	trials	12.9273781	True	ree	
15.2248527	0.3611354999999996	trials	15.2402781	True	voo	
16.4570686	0.4055968000000014	trials	16.5314734	True	noo	
18.0377166	0.35659860000000165	trials	18.0849002	True	dee	
18.8716565	0.5071611000000011	trials	19.0022568	True	yee	
20.184567	0.39198619999999806	trials	20.2653234	True	koo	
21.0937572	0.43372540000000015	trials	21.211716	True	fee	
22.0428719	0.3720238999999985	trials	22.0918702	True	hee	
23.3213639	0.41920749999999884	trials	23.3894171	True	vaa	
24.1960738	0.39470839999999896	trials	24.2595901	True	loo	
25.1551697	0.3366363000000021	trials	25.1696877	True	hoo	
26.7548726	0.364765000000002	trials	26.8165742	True	kaa	
27.4771435	0.3883566999999992	trials	27.538845	True	poo	
28.4262582	0.3747460999999994	trials	28.4389615	True	bee	
29.8254312	0.4010598999999999	trials	29.851745	True	paa	
30.6311806	0.4291885999999998	trials	30.6910673	True	taa	
31.5694068	0.42555910000000097	trials	31.6220346	True	naa	
32.4731527	0.5299072999999979	trials	32.6165181	True	saa	
33.6690736	0.6161079000000029	trials	33.8804921	True	shoo	
34.8486617	0.48726059999999904	trials	34.9285107	True	foo	
35.9220868	0.45550249999999437	trials	35.9375122	True	daa	
37.0808053	0.49996389999999735	trials	37.1615617	True	faa	
38.2431532	0.4201149000000015	trials	38.2658376	True	goo	
39.4626659	0.4246517000000054	trials	39.5216453	True	mee	
40.9680017	0.5453326999999959	trials	41.1576432	True	zaa	
42.2256241	0.5362589	trials	42.3998402	True	see	
43.421545	0.4555024000000003	trials	43.5512996	True	zoo	
44.7254435	0.4518730000000062	trials	44.7934966	True	too	
45.8986799	0.4237444000000039	trials	45.9513077	True	vee	
47.1009524	0.4482435000000038	trials	47.2007637	True	thaa	
48.3794444	0.40831900000000587	trials	48.4112026	True	moo	
50.0980135	0.6714579	trials	50.2595264	True	thoo	
52.105128	0.4645762999999974	trials	52.1840697	True	nee	
55.1729645	0.5135745000000043	trials	55.2228701	True	laa	
57.1828011	0.6061267999999984	trials	57.2626501	True	maa	
58.4848849	0.5017786000000015	trials	58.6509346	True	soo	
59.2860974	0.42555909999999386	trials	59.3332809	True	roo	
60.6090508	0.4146706000000009	trials	60.6834556	True	tee	
61.1689015	0.451872900000005	trials	61.2850455	True	haa	
63.3919713	0.43644760000000105	trials	63.4818015	True	waa	
66.2901285	0.4990565000000089	trials	66.3400342	True	lee	
67.441588	0.4246516999999983	trials	67.448847	True	wee	
68.8420528	0.534059599999992	trials	68.9723304	True	yaa	
69.8134674	0.38654190000001165	trials	69.8370592	True	gaa	
71.6118856	0.5135745000000043	trials	71.7570656	True	shaa	
72.7914736	0.36204279999999756	trials	72.8304908	True	doo	
73.5164666	0.33119209999999555	trials	73.589964	True	woo	
85.1535568	0.4845384999999993	trials	85.2461091	True	kee	
85.9293628	0.5008713	trials	86.0318963	True	fee	
87.0726559	0.45368770000000325	trials	87.1661156	True	vaa	
87.8647947	0.37837549999999	trials	87.8811274	True	bee	
89.0044582	0.4373549999999966	trials	89.1977292	True	zoo	
89.5606794	0.5380736000000041	trials	89.7376176	True	shaa	
91.1141062	0.3339141000000012	trials	91.1240873	True	baa	
91.5723308	0.47092779999999834	trials	91.6830306	True	noo	
93.005984	0.39924519999999575	trials	93.0322979	True	waa	
94.6828138	0.3901714999999939	trials	94.7154794	True	woo	
96.2634619	0.427373799999998	trials	96.309738	True	laa	
97.2016881	0.42011480000000745	trials	97.2706486	True	roo	
98.6553036	0.45368770000000325	trials	98.7188199	True	yee	
99.7323582	0.4582246000000083	trials	99.8158368	True	maa	
100.8874472	0.4418918000000076	trials	100.9491487	True	moo	
102.0089632	0.440984499999999	trials	102.0915344	True	nee	
103.0832958	0.42011479999999324	trials	103.1123318	True	hoo	
103.8872304	0.40922639999999433	trials	103.9507467	True	goo	
106.9405488	0.4273738999999921	trials	107.008602	True	hee	
107.784408	0.45368770000000325	trials	107.8706087	True	tee	
108.6917835	0.4155779000000024	trials	108.7144679	True	vee	
109.8123922	0.6197373999999911	trials	110.0628278	True	zee	
111.2360642	0.43554029999999955	trials	111.3349682	True	haa	
112.1597724	0.4536878000000115	trials	112.1969748	True	gaa	
113.3184909	0.5063154999999995	trials	113.5026881	True	shee	
114.5171339	0.5008711999999917	trials	114.6586844	True	shoo	
115.6540753	0.4355401999999913	trials	115.718499	True	pee	
116.6540031	0.46003930000000537	trials	116.73113	True	kaa	
117.7301504	0.46366879999999355	trials	117.7791486	True	wee	
118.7382445	0.44552130000001	trials	118.8062976	True	foo	
120.2363214	0.4146704999999997	trials	120.2798754	True	gee	
121.2035836	0.4990564999999947	trials	121.2725441	True	raa	
122.3895233	0.5126671000000016	trials	122.4339847	True	ree	
123.5192058	0.47637210000000607	trials	123.6054064	True	poo	
124.6815537	0.5244630000000114	trials	124.7722913	True	faa	
125.7676821	0.42918860000000336	trials	125.8021624	True	doo	
126.8946424	0.5008713	trials	127.0316561	True	zaa	
128.3627759	0.4545951000000059	trials	128.4099594	True	naa	
130.8707617	0.4745572999999865	trials	130.9370001	True	paa	
131.9215025	0.3983378000000073	trials	131.9677786	True	mee	
133.3379155	0.4536877999999831	trials	133.3978023	True	taa	
133.9217305	0.5407695000000103	trials	133.9929587	True	yoo	
135.2270712	0.41830009999998197	trials	135.2497556	True	voo	
136.2015925	0.5181114000000093	trials	136.3113849	True	thaa	
137.4020502	0.5117596999999989	trials	137.5472303	True	soo	
138.7957743	0.48726519999999596	trials	138.8538509	True	yaa	
140.0524939	0.3974303999999904	trials	140.0806225	True	dee	
141.3073941	0.3729313999999988	trials	141.3173753	True	boo	
142.2701195	0.42011479999999324	trials	142.2982481	True	lee	
146.6727052	0.33754369999999767	trials	146.7425731	True	koo	
147.457585	0.5172039999999924	trials	147.6472264	True	see	
148.5491576	0.4446140000000014	trials	148.6689312	True	too	
149.6824696	0.39561570000000756	trials	149.7096908	True	daa	
151.8547264	0.4473361000000011	trials	152.0507195	True	saa	
172.8731714	0.45278040000002306	trials	173.0056482	True	wee	
173.7152158	0.5017786999999885	trials	173.9166532	True	shee	
174.9183957	0.3683943999999997	trials	174.952876	True	poo	
175.6470182	0.5181114000000093	trials	175.801272	True	shaa	
176.32032839551744	0.5932649640079148	invalid_times				
177.2022597	0.5026859999999829	trials	177.2694055	True	ree	
178.0842287	0.4219294999999761	trials	178.1341343	True	vaa	
180.3553894	0.3874492999999859	trials	180.4198131	True	loo	
182.9586496	0.47364999999999213	trials	183.0330544	True	laa	
183.793435	0.4382624000000135	trials	183.866025	True	taa	
184.813325	0.48363109999999665	trials	184.9693936	True	zoo	
186.0074311	0.42283700000001545	trials	186.0800212	True	hee	
186.8013846	0.47364999999999213	trials	186.9157139	True	faa	
189.2050222	0.5017785999999944	trials	189.3030188	True	tee	
190.0225675	0.4319107000000031	trials	190.091528	True	moo	
191.1250287	0.4055968000000121	trials	191.1994335	True	koo	
192.1421966	0.4391697000000079	trials	192.1821211	True	fee	
192.9833336	0.4845384999999851	trials	193.1439391	True	shoo	
194.2863248	0.3783755000000042	trials	194.3298788	True	maa	
195.6437584	0.4110411000000056	trials	195.6936641	True	roo	
196.4876176	0.4346328999999969	trials	196.5447823	True	lee	
197.3758789	0.6742391999999882	trials	197.588264	True	yee	
198.9393461	0.4382623000000194	trials	198.9765485	True	raa	
199.8521658	0.5344441000000018	trials	200.021845	True	soo	
201.1696749	0.448243500000018	trials	201.1978036	True	doo	
202.2204157	0.4046895000000177	trials	202.2340264	True	bee	
203.3514159	0.498646100000002	trials	203.4099849	True	yaa	
204.4933912	0.4609468000000163	trials	204.5079092	True	baa	
205.6475728	0.45550249999999437	trials	205.6974785	True	nee	
208.1954831	0.47002050000000395	trials	208.3025534	True	kee	
209.3233508	0.44370660000001294	trials	209.4177178	True	too	
210.6018428	0.46003930000000537	trials	210.6662664	True	thoo	
211.4947002	0.522648299999986	trials	211.6162885	True	saa	
212.509146	0.4346328000000028	trials	212.5372746	True	thaa	
213.6669571	0.3847272000000146	trials	213.6887341	True	goo	
214.4209861	0.38654189999999744	trials	214.4463926	True	boo	
215.0534268	0.510852299999982	trials	215.1632192	True	woo	
217.4153251	0.44098440000001915	trials	217.4670455	True	naa	
218.0087486	0.4319107000000031	trials	218.0450436	True	waa	
218.8852733	0.4137632000000053	trials	218.9143093	True	gaa	
219.7926488	0.4618541000000107	trials	219.9242182	True	zee	
220.7227086	0.3947082999999907	trials	220.7553741	True	paa	
221.5420686	0.38563460000000305	trials	221.5919743	True	mee	
222.4167786	0.45731720000000564	trials	222.5320153	True	zaa	
223.4902037	0.3457100999999909	trials	223.5074439	True	hoo	
224.2768983	0.3919860999999969	trials	224.2995826	True	daa	
225.8457504	0.485445900000002	trials	225.9755051	True	see	
226.6324449	0.38563460000000305	trials	226.6732768	True	pee	
227.3120691	0.39833790000000135	trials	227.3719559	True	kaa	
228.1528199	0.38692819999999983	trials	228.2194446	True	yoo	
230.212078	0.4418549000000098	trials	230.3073155	True	voo	
231.1148797	0.36385750000002304	trials	231.1466378	True	vee	
231.9079258	0.3193961999999999	trials	231.9596462	True	haa	
241.573878	0.38294179999999756	trials	241.6413063	True	hee	
242.1311155	0.40711410000000114	trials	242.1692824	True	thaa	
243.6806936	0.4147473999999818	trials	243.7595719	True	tee	
244.3715153	0.4007530000000088	trials	244.391871	True	vee	
245.7149919	0.43510319999998615	trials	245.7938702	True	lee	
246.3325453	0.4752935000000207	trials	246.380369	True	yaa	
247.8485242	0.4987147999999877	trials	248.1029705	True	zoo	
249.1665562	0.4223807999999849	trials	249.2441623	True	noo	
251.5469014	0.42365320000001816	trials	251.6130575	True	haa	
252.5837702	0.39439179999999396	trials	252.6257538	True	woo	
253.7618566	0.4172920000000033	trials	253.8483684	True	fee	
254.9933768	0.3727638999999954	trials	255.0035547	True	baa	
256.16523444904414	1.664465086354653	invalid_times				
256.4233651	0.4032973999999854	trials	256.4971546	True	gee	
257.5645569	0.30660779999999477	trials	257.5760069	True	boo	
258.1854059	0.44655330000000504	trials	258.2820955	True	maa	
259.4945322	0.37785270000000537	trials	259.5034378	True	bee	
261.4117852	0.3562248000000068	trials	261.4881191	True	koo	
262.3570532	0.37785280000002786	trials	262.3875868	True	vaa	
263.6203792	0.4516421999999807	trials	263.6839908	True	yee	
265.3646087	0.4287420999999654	trials	265.4345814	True	thoo	
266.1839258	0.5267039000000295	trials	266.382394	True	nee	
267.1317384	0.39439179999999396	trials	267.1877166	True	goo	
267.9765002	0.5279761000000462	trials	268.1711516	True	see	
269.1024251	0.5597819000000186	trials	269.2016592	True	wee	
270.6303752	0.5050759999999741	trials	270.7970376	True	thee	
272.2473816	0.48726470000002564	trials	272.3898715	True	saa	
273.2104609	0.4618201000000113	trials	273.3325951	True	faa	
274.4547034	0.3918472999999949	trials	274.5208594	True	moo	
275.35926	0.377852799999971	trials	275.3757991	True	daa	
276.3121615	0.35368039999997336	trials	276.3503285	True	dee	
277.1543788	0.4745423999999616	trials	277.3083188	True	shoo	
278.2624925	0.4363754999999969	trials	278.347732	True	zaa	
279.182316	0.42365309999996725	trials	279.2293885	True	laa	
283.9760846	0.6424769000000197	trials	284.1936362	True	ree	
285.3221056	0.41729200000003175	trials	285.412434	True	loo	
286.5014643	0.4198364000000083	trials	286.5676203	True	hoo	
287.5688666	0.4236531000000241	trials	287.6553783	True	too	
288.955599	0.5457873999999947	trials	289.1451615	True	soo	
290.2278306	0.43764770000001363	trials	290.2609086	True	roo	
291.4860676	0.46309229999997115	trials	291.5140567	True	raa	
292.5700089	0.4974425999999994	trials	292.7214045	True	shee	
293.9720082	0.474542299999996	trials	294.0508865	True	kee	
296.1627909	0.5534207999999694	trials	296.3358144	True	zee	
298.6181979	0.5076204000000075	trials	298.7365154	True	voo	
299.5049433	0.40838640000004034	trials	299.563466	True	poo	
300.2759157	0.45800330000002987	trials	300.338255	True	taa	
301.6448368	0.41601980000001504	trials	301.7071762	True	kaa	
302.3674644	0.45036999999996397	trials	302.3954535	True	waa	
303.3330882	0.5228870999999913	trials	303.4781226	True	shaa	
304.5302581	0.40711410000000114	trials	304.5836918	True	paa	
305.4628038	0.40329750000000786	trials	305.4882485	True	gaa	
306.2961155	0.34223030000003973	trials	306.3164712	True	doo	
306.9156923	0.3651305000000207	trials	307.0111097	True	mee	
307.6866647	0.31933010000000195	trials	307.7502762	True	pee	
315.92132794304547	0.5108670523401884	invalid_times				
316.9777719	0.4796312999999941	trials	317.1164452	True	see	
317.5808097	0.43383099999999786	trials	317.6507824	True	hee	
318.3276096	0.47199799999998504	trials	318.4408382	True	naa	
319.6214692	0.5521485000000439	trials	319.7970371	True	saa	
320.5247536	0.4223809000000074	trials	320.5565594	True	gaa	
321.3326206	0.3727638999999954	trials	321.345343	True	doo	
322.1150431	0.38930279999999584	trials	322.1303098	True	roo	
322.9279991	0.38803059999997913	trials	322.9788883	True	pee	
323.7778498	0.4923536000000013	trials	323.9305175	True	shee	
324.5984391	0.38548620000000255	trials	324.6671396	True	foo	
325.3694115	0.42365309999996725	trials	325.4571954	True	too	
326.3892235	0.4763322999999673	trials	326.4419027	True	yaa	
327.1594413	0.4312864999999988	trials	327.2497698	True	nee	
327.9774862	0.40456970000002457	trials	328.0614535	True	lee	
328.8489649	0.4987146999999936	trials	329.0296217	True	zoo	
330.3082145	0.36640269999998054	trials	330.3425647	True	gee	
331.1644263	0.5496041000000105	trials	331.3183664	True	fee	
332.2343731	0.5457873999999947	trials	332.4544692	True	soo	
333.1605577	0.4516421999999807	trials	333.2330749	True	waa	
334.7686584	0.44400890000002846	trials	334.8615313	True	kee	
335.5548975	0.44782560000004423	trials	335.6693984	True	mee	
336.5828607	0.43764759999999114	trials	336.6324777	True	laa	
337.5204953	0.44655330000000504	trials	337.5561178	True	ree	
338.5115638	0.40711410000000114	trials	338.5611808	True	loo	
339.4733708	0.3994807999999921	trials	339.5178989	True	goo	
340.5420454	0.4325587000000155	trials	340.5954791	True	maa	
342.6997501	0.43255879999998115	trials	342.7646339	True	koo	
343.7035409	0.427469799999983	trials	343.7569746	True	haa	
344.7836655	0.45800330000002987	trials	344.8752661	True	kaa	
345.8090841	0.43510320000001457	trials	345.8777846	True	vee	
346.8675808	0.45291450000001987	trials	346.923559	True	paa	
347.6856257	0.41474749999997584	trials	347.7161593	True	wee	
348.7110444	0.4134751999999935	trials	348.7314001	True	baa	
349.6236071	0.4525418000000059	trials	349.686846	True	yee	
350.774604	0.40202519999996866	trials	350.7847819	True	boo	
354.263063	0.45291450000001987	trials	354.3228579	True	taa	
355.0442132	0.5737765000000081	trials	355.2261423	True	zaa	
356.3368005	0.3918472999999949	trials	356.3851453	True	dee	
357.081056	0.40838630000001785	trials	357.1446676	True	moo	
358.23497	0.44655330000000504	trials	358.2833148	True	faa	
359.4461345	0.4249253999999496	trials	359.4881181	True	thoo	
362.1941547	0.5101649000000066	trials	362.3137445	True	zee	
362.8875209	0.4478255999999874	trials	362.9295046	True	daa	
363.9447454	0.37276380000002973	trials	363.9574677	True	voo	
364.9001913	0.4770868999999607	trials	364.9905198	True	noo	
366.8950504	0.49362589999998363	trials	366.9332174	True	vaa	
368.0018919	0.4605479000000514	trials	368.0400589	True	raa	
368.7665031	0.5012591999999927	trials	368.8860929	True	shaa	
370.9382024	0.4974425999999994	trials	371.0094474	True	thaa	
371.9763434	0.48599250000000893	trials	372.034866	True	woo	
372.6747985	0.3893029000000183	trials	372.7371379	True	hoo	
373.6645947	0.36767489999999725	trials	373.6798615	True	bee	
374.4317504	0.4312864999999988	trials	374.5793292	True	tee	
385.3180779496374	3.8891814307185086	invalid_times				
388.31	0.7613091000000054	trials	388.5225	True	zee	
389.4846871	0.41083400000002257	trials	389.5571872	True	poo	
390.5861803	0.5189482999999768	trials	390.7680665	True	shoo	
391.8046912	0.3370620000000031	trials	391.8326737	True	hoo	
393.3424571	0.3815796000000091	trials	393.3742554	True	thoo	
394.3803537	0.4082902000000104	trials	394.4248713	True	faa	
396.6723753	0.4082902000000104	trials	396.7321562	True	hee	
397.745886	0.4311850000000277	trials	397.8285616	True	kaa	
398.7837826	0.4426323999999795	trials	398.8461073	True	wee	
399.7860651	0.6194309000000544	trials	400.0340919	True	see	
401.0261989	0.5367554000000041	trials	401.1864624	True	shee	
402.2574292	0.40320250000002034	trials	402.280324	True	vaa	
403.1948431	0.3739481000000069	trials	403.2266414	True	boo	
404.3599329	0.4095621999999821	trials	404.395547	True	maa	
405.4728735	0.4464482000000203	trials	405.5059438	True	ree	
406.4039278	0.5138605999999868	trials	406.5374807	True	shaa	
408.6730547	0.3968428000000017	trials	408.704853	True	lee	
409.7948988	0.3981147000000078	trials	409.8254252	True	gee	
410.7742865	0.5062289999999621	trials	410.8506024	True	vee	
411.8452533	0.5876326999999719	trials	412.0424028	True	soo	
414.08131	0.44136040000000776	trials	414.1690733	True	taa	
415.1268381	0.40193060000001424	trials	415.1522768	True	bee	
416.1761821	0.428641099999993	trials	416.2003488	True	raa	
417.3781579	0.45407979999998815	trials	417.4023247	True	gaa	
418.3244754	0.4006586000000425	trials	418.3562737	True	fee	
420.4002686	0.4846061000000077	trials	420.449874	True	waa	
421.7396131	0.4362727000000177	trials	421.7650518	True	voo	
422.8258431	0.4896939000000202	trials	422.8779923	True	roo	
424.364881	0.437544599999967	trials	424.3928635	True	naa	
425.1929088	0.5850887000000284	trials	425.356988	True	saa	
426.4152355	0.4273691999999869	trials	426.4330425	True	daa	
427.3768162	0.4362727000000177	trials	427.4442286	True	paa	
428.6283973	0.4909657999999695	trials	428.6958097	True	nee	
429.534013	0.5075008999999682	trials	429.6026973	True	laa	
430.8428311	0.4604393999999843	trials	430.8542785	True	baa	
431.6670431	0.4757025999999769	trials	431.7319117	True	mee	
433.5126166	0.507500900000025	trials	433.5825729	True	woo	
434.5301623	0.4731587000000559	trials	434.6077501	True	foo	
435.5922256	0.5087727999999743	trials	435.7677522	True	zoo	
437.1999477	0.38793930000002774	trials	437.2953427	True	too	
438.7135469	0.5151324999999929	trials	438.7936787	True	yaa	
440.0452598	0.41973760000001903	trials	440.1050407	True	tee	
441.1899987	0.4489920999999981	trials	441.2370602	True	dee	
443.1131601	0.38666729999999916	trials	443.1640373	True	haa	
444.1752234	0.37267610000003515	trials	444.3202236	True	koo	
448.5112399	0.349781299999961	trials	448.6079067	True	yoo	
451.4621223	0.34587510000000066	trials	451.5295348	True	yoo	
452.0014216	0.4515359000000103	trials	452.086641	True	yoo	
452.5712471	0.47697460000000547	trials	452.6819052	True	yoo	
453.3000642	0.38157969999997476	trials	453.3992749	True	yoo	
453.827916	0.42228149999999687	trials	453.941118	True	yoo	
455.3109889	0.3625006000000326	trials	455.3822171	True	yoo	
457.9464322	0.40320250000002034	trials	458.0329236	True	yoo	
459.9557447382993	1.3018870043507036	invalid_times				
463.2185907	0.3510532999999896	trials	463.2618364	True	haa	
464.8899095	0.3599568000000204	trials	464.9649535	True	koo	
466.1974557	0.34850940000001174	trials	466.2801313	True	kee	
467.5189931	0.2938164000000256	trials	467.5622388	True	pee	
468.7896533	0.42482530000000907	trials	468.8481622	True	yee	
470.0908398	0.43118499999997084	trials	470.1798751	True	loo	
472.6893971	0.4413604999999734	trials	472.8356693	True	zaa	
473.18884935214237	1.203009510349375	invalid_times				
485.8259118	0.46425520000002507	trials	485.9111313	True	mee	
486.9935455	0.48079030000002376	trials	487.0825807	True	wee	
489.8553927	0.4757026000000337	trials	489.9393402	True	kee	
490.8589471	0.5749132999999915	trials	491.10443	True	see	
492.3140374	0.5456588999999781	trials	492.5251782	True	zoo	
493.6203117	0.39938669999997956	trials	493.6737329	True	pee	
494.8273753	0.41846559999999045	trials	494.8553578	True	baa	
498.6609786	0.4591674999999782	trials	498.690233	True	hoo	
499.7115945	0.46298330000001897	trials	499.740849	True	goo	
500.8537895	0.6257906000000162	trials	501.1119918	True	shoo	
502.4144502	0.44263240000003634	trials	502.4589678	True	roo	
503.2653728	0.5507465999999681	trials	503.3213378	True	yee	
504.309629	0.5698256000000015	trials	504.4660767	True	zaa	
505.1796306	0.5024131999999781	trials	505.2902887	True	laa	
506.3027466	0.45535169999999425	trials	506.3459923	True	voo	
507.0900726	0.47824650000001157	trials	507.1485815	True	poo	
508.1864781	0.47951840000001766	trials	508.2895046	True	loo	
510.3970961	0.5583781999999928	trials	510.548456	True	shaa	
511.260738	0.5062288999999964	trials	511.3446855	True	thaa	
512.1701694	0.45789560000002894	trials	512.2197748	True	vaa	
513.4599086	0.4451762000001054	trials	513.5146016	True	foo	
514.3171908	0.4871499999999287	trials	514.3922348	True	maa	
515.4110524	0.5214920999999322	trials	515.5624123	True	saa	
516.3230277	0.42609730000003765	trials	516.4120629	True	too	
517.1625029	0.5774571999999125	trials	517.3329418	True	shee	
518.1991275	0.6041677999999138	trials	518.396277	True	zee	
519.2370241	0.45153590000006716	trials	519.2688224	True	dee	
520.1439117	0.4731587999999647	trials	520.1960609	True	lee	
521.2352295	0.5672817000000805	trials	521.2975541	True	yaa	
522.2807576	0.5291237999999794	trials	522.3125559	True	gaa	
523.3860666	0.45789559999991525	trials	523.4064175	True	doo	
525.5814214	0.3625007000000551	trials	525.6055881	True	woo	
527.4702406	0.476974499999983	trials	527.5198459	True	taa	
528.3720405	0.4362727000000177	trials	528.4725231	True	tee	
529.3908581	0.4871500000000424	trials	529.4531827	True	ree	
530.6780533	0.49223779999999806	trials	530.7721763	True	koo	
531.8062571	0.44008850000000166	trials	531.8889327	True	hee	
532.5592409	0.555834300000015	trials	532.6902499	True	vee	
533.738322	0.5329394999999977	trials	533.8515239	True	fee	
534.7138939	0.380307700000003	trials	534.7367887	True	bee	
535.5724481	0.44008850000000166	trials	535.6385885	True	haa	
536.5162217	0.47315869999999904	trials	536.5823621	True	naa	
537.5617499	0.39684280000005856	trials	537.615171	True	boo	
538.4164882	0.5863607000000002	trials	538.6110938	True	soo	
539.6337272	0.4871500000000424	trials	539.6528062	True	gee	
540.6003956	0.5240360999999893	trials	540.6983344	True	faa	
542.4421533	0.5024131999999781	trials	542.5184692	True	raa	
544.3233409	0.4426324000000932	trials	544.3653146	True	paa	
545.3955796	0.41719379999995	trials	545.4897026	True	yoo	
549.4644904	0.3128952999999228	trials	549.5691251	True	noo	
550.970458	0.34850940000001174	trials	551.0327827	True	noo	
552.3314254	0.4133779000000004	trials	552.3644956	True	noo	
553.4392782	0.43754469999998946	trials	553.5219538	True	noo	
554.4301133	0.3993867000000364	trials	554.4835345	True	noo	
555.0584478	0.3637726000000612	trials	555.1131409	True	noo	
557.00196	0.44644819999996344	trials	557.0515654	True	paa	
558.4532345	0.5240360999999893	trials	558.6427524	True	yoo	
561.5821875	0.476974499999983	trials	561.6406964	True	kaa	
562.9291636	0.45153589999995347	trials	562.9978479	True	waa	
563.9072794	0.3561409999999796	trials	563.9238145	True	daa	
593.0	41.0	epochs				rest_period
